MMSI,BaseDateTime,LAT,LON,SOG,COG,Heading,VesselName,IMO,CallSign,VesselType,Status,Length,Width,Draft,Cargo,TransceiverClass
636018244,2026-09-29T05:30:00Z,19.04,71.91,14.0,58.5,59,MT ARABIAN TITAN,IMO9384812,D5XY8,81,0,333,60,21.5,81,A
419000541,2026-09-29T05:30:00Z,18.75,71.85,18.2,72.0,72,MV INDUS TRADER,IMO9723411,AVBX,70,0,294,32,12.8,70,A
352001923,2026-09-29T05:30:00Z,18.9,72.1,11.5,340.0,340,MV PACIFIC BULKER,IMO9456123,3EZG9,70,0,225,32,14.2,70,A
636018244,2026-09-29T06:00:00Z,19.085,71.966,13.8,58.5,58,MT ARABIAN TITAN,IMO9384812,D5XY8,81,0,333,60,21.5,81,A
419001882,2026-09-29T06:00:00Z,19.35,72.38,4.5,140.0,142,FV SAGAR RATNA,,VTS88,30,7,28,7,2.4,30,B
636018244,2026-09-29T06:15:00Z,19.1075,71.9945,13.2,58.5,58,MT ARABIAN TITAN,IMO9384812,D5XY8,81,0,333,60,21.5,81,A
419000541,2026-09-29T06:30:00Z,18.82,72.015,18.1,72.0,72,MV INDUS TRADER,IMO9723411,AVBX,70,0,294,32,12.8,70,A
352001923,2026-09-29T06:30:00Z,19.0,72.065,11.5,340.0,340,MV PACIFIC BULKER,IMO9456123,3EZG9,70,0,225,32,14.2,70,A
636018244,2026-09-29T07:00:00Z,19.175,72.079,14.1,58.5,58,MT ARABIAN TITAN,IMO9384812,D5XY8,81,0,333,60,21.5,81,A
419001882,2026-09-29T07:00:00Z,19.32,72.395,3.8,210.0,215,FV SAGAR RATNA,,VTS88,30,7,28,7,2.4,30,B
419000541,2026-09-29T07:30:00Z,18.89,72.18,18.0,71.5,71,MV INDUS TRADER,IMO9723411,AVBX,70,0,294,32,12.8,70,A
352001923,2026-09-29T07:30:00Z,19.1,72.03,11.4,340.0,340,MV PACIFIC BULKER,IMO9456123,3EZG9,70,0,225,32,14.2,70,A
636018244,2026-09-29T08:00:00Z,19.265,72.191,14.0,58.5,59,MT ARABIAN TITAN,IMO9384812,D5XY8,81,0,333,60,21.5,81,A
419001882,2026-09-29T08:00:00Z,19.29,72.37,4.2,320.0,318,FV SAGAR RATNA,,VTS88,30,7,28,7,2.4,30,B
419000541,2026-09-29T08:30:00Z,18.96,72.345,17.9,72.0,72,MV INDUS TRADER,IMO9723411,AVBX,70,0,294,32,12.8,70,A
352001923,2026-09-29T08:30:00Z,19.2,71.995,11.5,340.0,340,MV PACIFIC BULKER,IMO9456123,3EZG9,70,0,225,32,14.2,70,A
636018244,2026-09-29T09:00:00Z,19.355,72.303,14.2,58.5,58,MT ARABIAN TITAN,IMO9384812,D5XY8,81,0,333,60,21.5,81,A
419001882,2026-09-29T09:00:00Z,19.33,72.355,5.1,45.0,46,FV SAGAR RATNA,,VTS88,30,7,28,7,2.4,30,B
636018244,2026-09-29T10:00:00Z,19.445,72.415,14.0,58.5,58,MT ARABIAN TITAN,IMO9384812,D5XY8,81,0,333,60,21.5,81,A
419000541,2026-09-29T10:00:00Z,19.03,72.51,17.8,72.0,72,MV INDUS TRADER,IMO9723411,AVBX,70,0,294,32,12.8,70,A
419001882,2026-09-29T10:00:00Z,19.37,72.39,4.0,120.0,122,FV SAGAR RATNA,,VTS88,30,7,28,7,2.4,30,B
352001923,2026-09-29T10:00:00Z,19.3,71.96,11.6,340.0,340,MV PACIFIC BULKER,IMO9456123,3EZG9,70,0,225,32,14.2,70,A
